,PM2.5 (µg/m³),PM10 (µg/m³),NO2 (µg/m³),SO2 (µg/m³),CO (mg/m³),WS (m/s),AT (°C),RH (%)
PM2.5 (µg/m³),1.0,0.9230110157449926,0.6191598690993374,0.25694268231077466,0.7097133021701528,-0.3365690030281429,-0.4894328051463076,0.23596436439046406
PM10 (µg/m³),0.9230110157449926,1.0,0.6861537272758031,0.4052944053192903,0.7478150504432038,-0.25424607110957,-0.3711672610520558,0.021285479139636784
NO2 (µg/m³),0.6191598690993374,0.6861537272758031,1.0,0.3823141230965375,0.7857571127235301,-0.4901915701438502,-0.48363199579578925,0.10064662784447874
SO2 (µg/m³),0.25694268231077466,0.4052944053192903,0.3823141230965375,1.0,0.2869423811741331,-0.050082713140476444,0.1067060801795125,-0.4063579298433104
CO (mg/m³),0.7097133021701528,0.7478150504432038,0.7857571127235301,0.2869423811741331,1.0,-0.49490386272027037,-0.3602137841747104,0.2940177612590944
WS (m/s),-0.3365690030281429,-0.25424607110957,-0.4901915701438502,-0.050082713140476444,-0.49490386272027037,1.0,0.31387642704149343,-0.5287656187488227
AT (°C),-0.4894328051463076,-0.3711672610520558,-0.48363199579578925,0.1067060801795125,-0.3602137841747104,0.31387642704149343,1.0,-0.45529065118858264
RH (%),0.23596436439046406,0.021285479139636784,0.10064662784447874,-0.4063579298433104,0.2940177612590944,-0.5287656187488227,-0.45529065118858264,1.0
